test_no,dr1_period,dr_threshold,cost_per_review,rework_load_factor,decay,uncertainty_threshold,maturity_threshold,steps,total_experiments,technical_failures,operational_failures,total_gain,rework_count,integration_days,market_complaints,dr_cost,completed_jobs
TestNo_001,15,0.5753571532049581,232.99848545285127,0.659195090518222,0.5702083881990965,0.24679835610086082,0.5232334448672797,1500,24,9,1,4.249209258103961,0,0,0,13746.910641718227,3
TestNo_002,11,0.44546886905123295,146.68383657513436,0.8620379932420408,0.561884424865697,0.3023199053150776,0.5453894084962356,1500,24,10,2,5.647680579882279,0,0,0,8507.662521357794,3
TestNo_003,22,0.18146721354071485,67.64218685010746,0.6854515669237894,0.5119300897437298,0.375732674382039,0.876092096569983,1500,24,10,4,3.9158066927487196,0,0,0,3990.8890241563404,3
TestNo_004,12,0.3252720676550468,82.28985378787374,0.8724306163552336,0.772778585502896,0.2685928416510388,0.7686802737623427,1500,24,8,2,5.365118026092265,0,0,0,4855.101373484551,3
TestNo_005,22,0.48011392994484325,198.90968515196107,0.582945713130095,0.6853284113662708,0.3046604799628986,0.8718116576991304,1500,24,13,0,4.600732633447458,0,0,0,11735.671423965703,3
TestNo_006,9,0.4999580426865947,94.6361655135834,0.6916476647111249,0.6071822514710269,0.22983241782780356,0.5972688763997817,1500,24,13,2,4.043419763373999,0,0,0,6435.259254923671,3
TestNo_007,21,0.5368385570931694,296.02086729982375,0.760964048318711,0.6879950519753002,0.32640710068312107,0.7950329206355566,1500,24,10,2,5.234023528428546,0,0,0,17465.2311706896,3
TestNo_008,17,0.5840967139573608,96.3813789257803,0.8211739007733665,0.8494685837562838,0.4312765533932156,0.8379132912467551,1500,24,9,2,5.091765285591631,0,0,0,5686.501356621038,3
TestNo_009,28,0.11967177033425483,80.5274785025067,0.5713194169700613,0.9202437578875572,0.29484683149302515,0.702893923475357,1500,24,9,0,5.469637239406014,0,0,0,4751.121231647895,3
TestNo_010,22,0.5956279968510941,82.0985723635313,0.3624657896304998,0.8259524677079335,0.37351607510192275,0.6096642666239224,1500,24,17,0,5.109976924806307,0,0,0,4843.815769448346,3
TestNo_011,28,0.4934516931276476,128.8517239370032,0.7128808236519253,0.6969214058249263,0.27640118661381535,0.836348631770369,1500,24,8,3,5.629167165945522,0,0,0,7602.251712283189,3
TestNo_012,14,0.49244848855573375,226.92023368522894,0.7731689788034439,0.7327710753987242,0.33205969938664714,0.5589810106825136,1500,24,14,3,4.906727841002698,0,0,0,13388.293787428509,3
TestNo_013,19,0.3636998110613382,229.83840559228963,0.8341548318106813,0.5357329630893632,0.41944894710210867,0.5749647776390329,1500,24,7,4,5.109473431676885,0,0,0,13560.465929945089,3
TestNo_014,23,0.5964084194995352,82.8722799744954,0.46483891531171173,0.6775592340189409,0.3265484535616494,0.6644084301062183,1500,24,11,3,5.467367414279781,0,0,0,4889.464518495228,3
TestNo_015,15,0.35563773110037555,173.08137000029546,0.6463674175398788,0.8895097155310485,0.49422180307502883,0.6630336834295267,1500,24,10,1,5.30751055542599,0,0,0,10211.800830017433,3
TestNo_016,13,0.1683004518255863,212.90994011931915,0.7431584748793985,0.6420323046935075,0.39344978120669416,0.6580523630446014,1500,24,9,2,4.54245283119557,0,0,0,12561.686467039828,3
TestNo_017,9,0.3529789538674658,105.21319574075223,0.32335797799540045,0.5162084682311419,0.2525665316317482,0.8467081418024001,1500,24,9,1,6.390774022072307,0,0,0,7154.497310371152,3
TestNo_018,22,0.26622807857435604,64.1464140366789,0.5243526282076882,0.9250018622124365,0.3925203191895674,0.7685916594668828,1500,24,9,3,4.372516696954008,0,0,0,3784.6384281640558,3
TestNo_019,27,0.1512839812917949,148.18268581785406,0.6320227138498631,0.7264096126481929,0.2581589203810678,0.843526708467262,1500,24,10,0,5.529011183786746,0,0,0,8742.778463253388,3
TestNo_020,21,0.2622559000876711,117.37796557306817,0.4145559510429861,0.8125884315021774,0.2656146838993782,0.7381213063709956,1500,24,12,4,4.791004488582486,0,0,0,6925.299968811023,3
TestNo_021,26,0.17746265557172133,70.68420890454748,0.5907227970480065,0.6360887800753414,0.36902250934515624,0.8215219561933901,1500,24,12,1,4.668268776494825,0,0,0,4170.368325368301,3
TestNo_022,14,0.2699859318966241,69.73485073663889,0.5656788819262425,0.6174718368056816,0.30301601065329326,0.8338287161022511,1500,24,7,2,5.085024784705791,0,0,0,4114.356193461695,3
TestNo_023,23,0.5790590044597169,105.11150106135474,0.8317090632776072,0.9204368513753706,0.47492616335961985,0.7541657427447639,1500,24,10,3,5.850585242131798,0,0,0,6201.5785626199295,3
TestNo_024,12,0.5327811915861017,75.71064803936918,0.37557311782761493,0.9406181997952769,0.4021516694810014,0.8387548897715811,1500,24,9,2,5.925941181496391,0,0,0,4466.928234322781,3
TestNo_025,27,0.11046705891336664,128.943287812374,0.33412883866658794,0.8449372922997322,0.4106322362341378,0.6325408874945269,1500,24,5,1,6.0998631987450285,0,0,0,7607.653980930066,3
TestNo_026,15,0.3773659016411771,69.1895154721845,0.3025124661767747,0.8016954502086129,0.3925458550404306,0.6643155239998447,1500,24,11,3,3.8340944399514485,0,0,0,4082.1814128588853,3
TestNo_027,29,0.29677766805315775,82.67933089743931,0.7030253155464365,0.8281894102147427,0.37251817203764437,0.5827271572533586,1500,24,10,2,6.152462277659171,0,0,0,4878.080522948919,3
TestNo_028,7,0.4890231532415996,165.18340006041848,0.8933043247821979,0.7174544341439458,0.49606878361648926,0.8018277444822947,1500,24,10,2,4.686631055781423,0,0,0,11232.471204108457,3
TestNo_029,28,0.3118850599654617,135.53315002797373,0.8769304392825399,0.7001835947723933,0.346714520134785,0.6406599489367621,1500,24,11,3,4.215160303113241,0,0,0,7996.455851650451,3
TestNo_030,24,0.583137148874093,292.5186141666767,0.8190426596252363,0.7703564672028286,0.410259709173164,0.6140823210721656,1500,24,9,2,5.253242843463813,0,0,0,17258.598235833924,3
TestNo_031,18,0.18958195914507545,272.78502294837733,0.5762132238808961,0.819352104577036,0.49511347496274555,0.5200701401279896,1500,24,10,3,5.340952548599736,0,0,0,16094.316353954266,3
TestNo_032,26,0.27983778061153386,221.80858586517073,0.487700518514532,0.5274074944558322,0.4104695796808827,0.5039310210279151,1500,24,14,3,3.9524198188105135,0,0,0,13086.706566045075,3
TestNo_033,29,0.4141735587747222,96.02533084023923,0.36339020726935845,0.865782937191541,0.3736269429079998,0.7473140084054879,1500,24,10,1,6.478965466061417,0,0,0,5665.494519574115,3
TestNo_034,20,0.5432977207511992,152.7356380875275,0.6625826518928873,0.7835084062784723,0.32521488254014197,0.5577248174749926,1500,24,11,1,4.568738109761121,0,0,0,9011.402647164123,3
TestNo_035,25,0.5089110367830953,294.7368389636655,0.6011217186147022,0.7047305958774817,0.4260426816339442,0.5529882625367706,1500,24,12,1,5.476484091551876,0,0,0,17389.473498856263,3
TestNo_036,23,0.42140329554308686,245.68641856284668,0.8624887034394628,0.8113673134699664,0.24675546096543305,0.5973770467061643,1500,24,4,4,6.161590620138274,0,0,0,14495.498695207953,3
TestNo_037,29,0.3702763376944621,164.55120131305398,0.8670102565490965,0.8031244243985127,0.21946978386152285,0.686290231066999,1500,24,12,2,5.289830826718346,0,0,0,9708.520877470184,3
TestNo_038,8,0.5992804032928143,56.20430286128729,0.8011464360953195,0.6644150786977937,0.45248463792734456,0.721848196484458,1500,24,10,1,5.093925897658243,0,0,0,3821.892594567536,3
TestNo_039,25,0.20889040088378427,219.25945372050256,0.781927273946456,0.7528446303086809,0.4222649620165957,0.7647441248860023,1500,24,7,2,5.277950289983754,0,0,0,12936.30776950965,3
TestNo_040,11,0.3890360510062063,289.49483831222267,0.6018435601629655,0.5373115616275165,0.38600040004322256,0.6360891977805028,1500,24,10,1,4.942958142527962,0,0,0,16790.700622108918,3
TestNo_041,16,0.42302347204829804,87.65273826712979,0.8595888603254873,0.6723764628894515,0.41885642659293154,0.508136432752871,1500,24,12,0,5.999558588277555,0,0,0,5171.5115577606575,3
TestNo_042,21,0.382873653275573,228.67557909556442,0.8626227692276207,0.91051455249552,0.4838226854206494,0.5978862388094803,1500,24,15,2,4.941654714671949,0,0,0,13491.8591666383,3
TestNo_043,19,0.23910859353441108,65.40199632311732,0.39749904928466484,0.9027652364840466,0.4058072671807673,0.5999606886547559,1500,24,6,3,5.103955452304627,0,0,0,3858.7177830639216,3
TestNo_044,18,0.5470497680530796,279.9677335326357,0.33309395436107125,0.8692887021595155,0.2113092171268012,0.6468678502780091,1500,24,12,1,5.252865281402997,0,0,0,16518.096278425503,3
TestNo_045,23,0.2506156473969541,165.84775220116154,0.6596583252165731,0.5770730347998078,0.4224913455852863,0.6210561362547258,1500,24,6,1,5.372191588395647,0,0,0,9785.01737986853,3
TestNo_046,11,0.13979407368602123,285.099258486386,0.45639982953726105,0.8840059239239257,0.4590474351388455,0.8090090367050178,1500,24,11,2,4.7822321452318945,0,0,0,16535.75699221039,3
TestNo_047,29,0.29442574823705825,61.85390903502123,0.7807029019771949,0.7719713235872636,0.2595628576604605,0.697931382648568,1500,24,10,2,4.669728765521286,0,0,0,3649.380633066252,3
TestNo_048,27,0.2646890335171088,196.94885126659304,0.8083780473212965,0.6985734515375308,0.2053873591250453,0.529804184727456,1500,24,10,2,5.825871684125842,0,0,0,11619.982224728989,3
TestNo_049,29,0.26498744764513826,290.54647737295005,0.8408915106604495,0.6216724558897954,0.4410625330479283,0.8982416807214024,1500,24,14,2,5.311013385594674,0,0,0,17142.242165004052,3
TestNo_050,19,0.3245741013661063,160.03019274623404,0.35468240345382435,0.823371683310588,0.2641210063945732,0.5787814520834885,1500,24,12,3,4.874889047879305,0,0,0,9441.781372027806,3
TestNo_051,20,0.2711327963948731,70.96843463800302,0.8956823869116086,0.5572321041346299,0.2217045151508172,0.8514122996828624,1500,24,12,4,4.562787202635128,0,0,0,4187.137643642179,3
TestNo_052,17,0.24803275501947356,178.7323738481207,0.39922225530791156,0.9399707657714749,0.23237736648949817,0.8727776558617488,1500,24,12,1,5.5261474074006625,0,0,0,10545.210057039121,3
TestNo_053,10,0.23548160393560977,121.40664992089427,0.4625455339481227,0.8849336729469295,0.20956543856257764,0.5304399955923097,1500,24,13,2,4.813691094665681,0,0,0,7041.585695411868,3
TestNo_054,25,0.5177430778216481,90.66305454747516,0.8126075896696294,0.8090455080187262,0.3560248049649752,0.832100077112554,1500,24,8,0,5.519999898486377,0,0,0,5349.120218301034,3
TestNo_055,21,0.48723870963799165,58.447287737062155,0.6558935973162806,0.5840298473438169,0.3037848553589609,0.6391874664620866,1500,24,10,3,4.528937991582628,0,0,0,3448.389976486667,3
TestNo_056,11,0.5298327738332376,114.43880390702742,0.43585776305259,0.7163213254179601,0.3496553071232823,0.5860340915140372,1500,24,14,1,5.814212064683358,0,0,0,6637.450626607591,3
TestNo_057,22,0.5456413324138752,250.97117718381335,0.410424620892868,0.6331668570411297,0.41511438161213143,0.5337082236723062,1500,24,12,3,5.049333758839934,0,0,0,14807.29945384499,3
TestNo_058,21,0.45808693847821536,154.18726515601327,0.7543773432427159,0.6021505847022892,0.2663829773198552,0.5645667950750296,1500,24,12,0,6.226269301510237,0,0,0,9097.048644204782,3
TestNo_059,27,0.14200085726031283,220.3815074716626,0.7080658190599665,0.8010860075880275,0.4827003484805111,0.8292350116027523,1500,24,11,2,5.537053009451552,0,0,0,13002.508940828093,3
TestNo_060,17,0.5539453002064164,140.7972990227123,0.4722913580625772,0.7253307077648892,0.33678385573059844,0.6377712184868753,1500,24,12,1,5.6927027631917415,0,0,0,8307.040642340027,3
TestNo_061,10,0.2741373076815957,147.3872911203806,0.6067774477476208,0.9180843621155707,0.46228896806665226,0.5538101969156738,1500,24,9,3,4.430278265725137,0,0,0,8548.462884982075,3
TestNo_062,14,0.5096668761494305,82.67456343707826,0.4040238940545049,0.6533944428127714,0.322546216664682,0.6394811243371914,1500,24,14,3,4.762633749403414,0,0,0,4877.799242787618,3
TestNo_063,15,0.5732819214893718,111.6543556726685,0.7010164212704365,0.8330672271639159,0.3344386098395479,0.8750103947038332,1500,24,14,2,5.5212430831725685,0,0,0,6587.606984687442,3
TestNo_064,26,0.1111508524493218,202.37628061235776,0.5206993345925739,0.6870474506752021,0.44961222176563276,0.6239359086110713,1500,24,9,2,4.554115240140523,0,0,0,11940.200556129108,3
TestNo_065,28,0.4014544057123428,194.76813192149862,0.43914067306134896,0.5210140180483008,0.48355657392786333,0.6254941035378616,1500,24,9,2,3.975577143937601,0,0,0,11491.319783368417,3
TestNo_066,18,0.5701580766196321,123.41910333960905,0.5494221469709575,0.8541305647155686,0.3638073779962251,0.7188112585697791,1500,24,10,2,4.682608117205964,0,0,0,7281.727097036934,3
TestNo_067,12,0.18212053361157723,109.1995086490297,0.6015177760209933,0.6220300035700416,0.48428075048231667,0.685546088571539,1500,24,6,1,6.332611525242067,0,0,0,6442.771010292751,3
TestNo_068,19,0.16000137480844404,182.99293362412456,0.5140777533929608,0.8564976649199083,0.4274387619490535,0.864245002949042,1500,24,8,2,4.989991166143784,0,0,0,10796.583083823349,3
TestNo_069,19,0.21913120666996502,262.77297055803615,0.6343314269580265,0.5930784671646026,0.38705234298686664,0.643086705976971,1500,24,10,3,4.671172542413447,0,0,0,15503.605262924133,3
TestNo_070,21,0.3214352530529453,172.78524228366553,0.7094874397421171,0.5457085449059216,0.29850562214321547,0.5301088964014415,1500,24,8,1,4.600111570997585,0,0,0,10194.329294736266,3
TestNo_071,22,0.5356364538086973,256.8702399392515,0.5160706292934023,0.7700557729727734,0.24687840194340668,0.7142103530782398,1500,24,9,3,5.500196689355928,0,0,0,15155.344156415837,3
TestNo_072,12,0.43909129229453403,275.5485295956689,0.5314393967399,0.850596884302391,0.4174367903586306,0.523810478748729,1500,24,14,0,5.448409807698773,0,0,0,16257.363246144467,3
TestNo_073,28,0.4740446828515632,216.60665353722825,0.6496328855902673,0.7195765591656792,0.2559691578903979,0.8578841821707462,1500,24,14,2,4.171220993137241,0,0,0,12779.792558696468,3
TestNo_074,27,0.2067307580694844,156.5974736923563,0.8636885326289254,0.6928537270125638,0.3075102896997195,0.6762146592493513,1500,24,7,1,5.520815247999277,0,0,0,9239.250947849021,3
TestNo_075,9,0.5533711862862769,299.41258459386836,0.3984686637574742,0.5245351514952259,0.2989193321438637,0.6846636723045662,1500,24,10,4,4.9457288708855405,0,0,0,20360.05575238305,3
TestNo_076,26,0.4857749676439086,66.16638596264266,0.6726751794544974,0.6058964979318873,0.36725547940018255,0.8827553770531865,1500,24,14,1,4.090587118326124,0,0,0,3903.8167717959172,3
TestNo_077,11,0.4922550678387766,199.04069947766936,0.836004985096565,0.5773866808295943,0.3262046711122786,0.8331372371467349,1500,24,12,2,4.587791610131584,0,0,0,11544.360569704822,3
TestNo_078,16,0.34862274009478167,60.109707803165335,0.835676013852396,0.9492364200802812,0.25444613745760963,0.5481531859098479,1500,24,12,3,4.855875353462475,0,0,0,3546.472760386755,3
TestNo_079,16,0.23573033151049547,122.91469262523425,0.373953371970529,0.8625937246443531,0.20277269437432346,0.625002182794081,1500,24,12,0,6.1082692772144105,0,0,0,7251.966864888822,3
TestNo_080,15,0.10479282007219728,120.96153708653414,0.3715797483610875,0.5462638527811343,0.22324618704072485,0.737303788070151,1500,24,10,1,5.478900955318743,0,0,0,7136.730688105516,3
TestNo_081,26,0.10770747922420384,76.80895044238088,0.35554564023125923,0.8206721079146297,0.22087453506307372,0.6985457489865228,1500,24,12,2,4.822480928047683,0,0,0,4531.728076100471,3
TestNo_082,28,0.5934053408993779,61.227374127182884,0.3902075248390599,0.6905858415354602,0.2559000429033222,0.6455521574507533,1500,24,13,2,4.191941932756781,0,0,0,3612.41507350379,3
TestNo_083,26,0.32606952756122376,180.92358306117205,0.889468414228245,0.5269906724861824,0.3463872919372246,0.8096246827784465,1500,24,14,1,4.821165464472756,0,0,0,10674.491400609151,3
TestNo_084,21,0.5972525521102794,53.002290771066036,0.6245518879723793,0.7581499688970543,0.4742626369042436,0.702402133906775,1500,24,7,3,6.516269642630642,0,0,0,3127.135155492896,3
TestNo_085,11,0.30777976606165824,146.08475698963193,0.7430349821616345,0.8483970011748614,0.382108596315364,0.509074736872979,1500,24,9,2,5.388319445175696,0,0,0,8472.915905398651,3
TestNo_086,10,0.3227027142889174,138.77369159079745,0.5973968064210531,0.8916480655493424,0.4327584315975955,0.5335958005556636,1500,24,10,5,4.745564578161146,0,0,0,8048.87411226625,3
TestNo_087,27,0.19341720314729152,204.91603790492718,0.850417191039166,0.7086792811690943,0.2310630715858352,0.68312546003385,1500,24,10,5,4.733763413419953,0,0,0,12090.046236390703,3
TestNo_088,14,0.4459962610283722,238.23714991577768,0.3908892678179749,0.680265210793915,0.3448452483051233,0.6422749559577497,1500,24,10,2,4.601451743403211,0,0,0,14055.991845030883,3
TestNo_089,21,0.4541794680193306,215.096610067836,0.3685768086854301,0.6309854966190408,0.23885798297010571,0.8371889608194253,1500,24,9,2,5.522546105749148,0,0,0,12690.699994002325,3
TestNo_090,11,0.4159910464916531,203.9474497450311,0.6304594358232918,0.6127256411131728,0.3113359073656196,0.5386758865350972,1500,24,9,1,5.098341882993157,0,0,0,11828.952085211804,3
TestNo_091,12,0.5387991865807095,159.01230515547275,0.4642787948411473,0.7652022700777465,0.24263208794977473,0.6037566429683423,1500,24,13,1,5.58313469719188,0,0,0,9381.726004172891,3
TestNo_092,22,0.21808599124143865,144.2484573026137,0.604027058359679,0.7376630257731891,0.4666183185655144,0.6522264531788865,1500,24,13,2,4.026042452258722,0,0,0,8510.658980854208,3
TestNo_093,21,0.292927688360868,134.91960943230634,0.6806880439040881,0.7659779351220452,0.2880583862503849,0.5597393801277893,1500,24,13,2,4.579552528759789,0,0,0,7960.256956506074,3
TestNo_094,7,0.31588376909927895,145.56397866410117,0.6885470944841154,0.9348243133538281,0.35311262198865867,0.8947507387766882,1500,24,16,0,5.448125869510733,0,0,0,9898.350549158878,3
TestNo_095,21,0.21470933825785668,89.43007927081243,0.6765748205538319,0.9053766411270455,0.41550806567431453,0.639418660641351,1500,24,13,3,3.7261733624090505,0,0,0,5276.374676977934,3
TestNo_096,7,0.5276738343418114,276.56684932245753,0.8102713640173551,0.871084160595101,0.42348955953826795,0.7533728125127841,1500,24,9,1,5.152186932002179,0,0,0,18806.545753927116,3
TestNo_097,17,0.2905716576464893,283.2030037425642,0.7290988407230626,0.9177104058971339,0.4390924336687439,0.7437189757165658,1500,24,13,3,4.679982879477804,0,0,0,16708.97722081129,3
TestNo_098,26,0.58764976932494,210.5033961688103,0.5769173751240311,0.6373689357233461,0.2666954627642679,0.5851703801930405,1500,24,15,0,5.396040778004633,0,0,0,12419.700373959808,3
TestNo_099,29,0.46354636461211807,298.21469379615746,0.690630670186768,0.5978571546217527,0.2611458481149534,0.6298257137021905,1500,24,14,1,5.327811115708761,0,0,0,17594.66693397329,3
TestNo_100,21,0.4085382650031132,188.3724826251085,0.35307344441132194,0.8282767218932225,0.38061486306480524,0.7645907075425149,1500,24,9,2,5.53973784223656,0,0,0,11113.976474881398,3
