job_id,node_id,base_duration,effective_duration,friction_multiplier,n_servers,wait_time,trial_id
job_3.75,SMALL_EXP,3.24452537698435,3.24452537698435,1.0,999,0.0,0
job_3.75,PROTO,2.4106905879890466,2.4106905879890466,1.0,5,0.0,0
job_3.70,SMALL_EXP,1.0357908279842318,1.0357908279842318,1.0,999,0.0,0
job_3.70,PROTO,25.575280133866684,25.575280133866684,1.0,5,0.0,0
job_2.37,SMALL_EXP,6.677636360470607,6.677636360470607,1.0,999,0.0,0
job_2.37,PROTO,24.484730007597914,24.484730007597914,1.0,5,0.3530759492148974,0
job_5.18,SMALL_EXP,1.6570069427723317,1.6570069427723317,1.0,999,0.0,0
job_5.18,PROTO,27.834094589533052,27.834094589533052,1.0,5,0.0,0
job_3.56,SMALL_EXP,8.350336595291731,8.350336595291731,1.0,999,0.0,0
job_3.56,PROTO,0.43932010730788296,0.43932010730788296,1.0,5,22.755191386770495,0
job_7.88,SMALL_EXP,1.2675268202654086,1.2675268202654086,1.0,999,0.0,0
job_7.88,PROTO,13.716653113982138,13.716653113982138,1.0,5,21.164209369205487,0
job_10.29,SMALL_EXP,0.42732139568514255,0.42732139568514255,1.0,999,0.0,0
job_10.29,PROTO,10.735095095876385,10.735095095876385,1.0,5,23.170740084928205,0
job_8.75,SMALL_EXP,4.046603956267866,4.046603956267866,1.0,999,0.0,0
job_8.75,PROTO,23.93870930449215,23.93870930449215,1.0,5,22.31334853935453,0
job_9.56,SMALL_EXP,4.689247379048993,4.689247379048993,1.0,999,0.0,0
job_9.56,PROTO,6.482125100105336,6.482125100105336,1.0,5,44.800174177439814,0
job_6.78,SMALL_EXP,0.26865697065065813,0.26865697065065813,1.0,999,0.0,0
job_6.78,PROTO,61.43247096185992,61.43247096185992,1.0,5,0.0,0
job_9.68,SMALL_EXP,5.180089218164737,5.180089218164737,1.0,999,0.0,0
job_9.68,PROTO,13.845998181728927,13.845998181728927,1.0,5,50.66878217782119,0
job_4.47,SMALL_EXP,9.118861730405795,9.118861730405795,1.0,999,0.0,0
job_4.47,PROTO,53.877799559586606,53.877799559586606,1.0,5,31.02984908018883,0
job_11.23,SMALL_EXP,2.063874953107127,2.063874953107127,1.0,999,0.0,0
job_11.23,PROTO,55.84035475086792,55.84035475086792,1.0,5,30.736772105036565,0
job_14.19,SMALL_EXP,0.8051148685439924,0.8051148685439924,1.0,999,0.0,0
job_14.19,PROTO,37.6075988140193,37.6075988140193,1.0,5,53.48427604491173,0
job_1.20,SMALL_EXP,15.0139759245248,15.0139759245248,1.0,999,0.0,0
job_1.20,PROTO,38.99341110747932,38.99341110747932,1.0,5,63.15818007902108,0
job_1.52,SMALL_EXP,2.114536677199456,2.114536677199456,1.0,999,0.0,1
job_1.52,PROTO,1.5900982256405545,1.5900982256405545,1.0,5,0.0,1
job_2.99,SMALL_EXP,0.8519472041119014,0.8519472041119014,1.0,999,0.0,1
job_2.99,PROTO,8.034114409977612,8.034114409977612,1.0,5,0.0,1
job_0.13,SMALL_EXP,3.145107680304454,3.145107680304454,1.0,999,0.0,1
job_0.13,PROTO,13.721720177527569,13.721720177527569,1.0,5,0.0,1
job_5.86,SMALL_EXP,3.813319432699431,3.813319432699431,1.0,999,0.0,1
job_5.86,PROTO,7.697071877719651,7.697071877719651,1.0,5,7.322184784634683,1
job_7.13,SMALL_EXP,2.02621204145624,2.02621204145624,1.0,999,0.0,1
job_7.13,PROTO,17.882536946534902,17.882536946534902,1.0,5,2.7213755996094715,1
job_1.73,SMALL_EXP,6.917480838943719,6.917480838943719,1.0,999,0.0,1
job_1.73,PROTO,21.9657973714723,21.9657973714723,1.0,5,0.0,1
job_0.08,SMALL_EXP,9.61966551597788,9.61966551597788,1.0,999,0.0,1
job_0.08,PROTO,13.570287178883545,13.570287178883545,1.0,5,14.98721376665846,1
job_3.26,SMALL_EXP,7.406020276250535,7.406020276250535,1.0,999,0.0,1
job_3.26,PROTO,8.435592227558706,8.435592227558706,1.0,5,19.94147553733505,1
job_7.79,SMALL_EXP,3.187150925647537,3.187150925647537,1.0,999,0.0,1
job_7.79,PROTO,1.1601229717624946,1.1601229717624946,1.0,5,27.284796077816473,1
job_2.40,SMALL_EXP,0.2506619557935891,0.2506619557935891,1.0,999,0.0,1
job_2.40,PROTO,42.65292205017181,42.65292205017181,1.0,5,0.0,1
job_3.79,SMALL_EXP,6.010221913568476,6.010221913568476,1.0,999,0.0,1
job_3.79,PROTO,25.62736065359824,25.62736065359824,1.0,5,19.963241484126186,1
job_5.49,SMALL_EXP,3.405291444189769,3.405291444189769,1.0,999,0.0,1
job_5.49,PROTO,47.046592727596845,47.046592727596845,1.0,5,0.0,1
job_6.48,SMALL_EXP,7.577541438200082,7.577541438200082,1.0,999,0.0,1
job_6.48,PROTO,18.701163001458493,18.701163001458493,1.0,5,25.361498491138626,1
job_14.12,SMALL_EXP,0.007513741151071389,0.007513741151071389,1.0,999,0.0,1
job_14.12,PROTO,20.832833757994358,20.832833757994358,1.0,5,31.178896736735865,1
job_8.13,SMALL_EXP,6.734953226370167,6.734953226370167,1.0,999,0.0,1
job_8.13,PROTO,19.289585087225188,19.289585087225188,1.0,5,51.27074757215448,1
job_11.00,SMALL_EXP,3.2722863954631074,3.2722863954631074,1.0,999,0.0,1
job_11.00,PROTO,34.161023323357774,34.161023323357774,1.0,5,41.11312311386831,1
job_12.17,SMALL_EXP,0.41016483469223675,0.41016483469223675,1.0,999,0.0,1
job_12.17,PROTO,52.342885789706116,52.342885789706116,1.0,5,26.46603220036012,1
job_13.86,SMALL_EXP,0.8802853132954954,0.8802853132954954,1.0,999,0.0,1
job_13.86,PROTO,36.23194848812567,36.23194848812567,1.0,5,41.20805382738497,1
job_7.02,SMALL_EXP,8.781611630739457,8.781611630739457,1.0,999,0.0,1
job_7.02,PROTO,3.386943581076844,3.386943581076844,1.0,5,73.75039117595838,1
job_16.63,SMALL_EXP,0.6775975633847684,0.6775975633847684,1.0,999,0.0,1
job_16.63,PROTO,9.132879325601074,9.132879325601074,1.0,5,74.87149432034107,1
job_1.03,SMALL_EXP,2.4347420243736275,2.4347420243736275,1.0,999,0.0,2
job_1.03,PROTO,0.9266890799648363,0.9266890799648363,1.0,5,0.0,2
job_3.89,SMALL_EXP,1.5222743570899393,1.5222743570899393,1.0,999,0.0,2
job_3.89,PROTO,0.6741218127106575,0.6741218127106575,1.0,5,0.0,2
job_2.30,SMALL_EXP,3.0842451929105943,3.0842451929105943,1.0,999,0.0,2
job_2.30,PROTO,9.885823512363178,9.885823512363178,1.0,5,0.0,2
job_0.43,SMALL_EXP,10.003591063038732,10.003591063038732,1.0,999,0.0,2
job_0.43,PROTO,10.129401078080036,10.129401078080036,1.0,5,0.0,2
job_5.31,SMALL_EXP,5.288648535090938,5.288648535090938,1.0,999,0.0,2
job_5.31,PROTO,5.330766988764259,5.330766988764259,1.0,5,4.66462738386463,2
job_7.96,SMALL_EXP,3.0807524084776166,3.0807524084776166,1.0,999,0.0,2
job_7.96,PROTO,6.451127648141595,6.451127648141595,1.0,5,9.557357766959436,2
job_6.95,SMALL_EXP,3.82950832349084,3.82950832349084,1.0,999,0.0,2
job_6.95,PROTO,16.84623735942525,16.84623735942525,1.0,5,9.779634841128633,2
job_1.90,SMALL_EXP,1.9605319040111207,1.9605319040111207,1.0,999,0.0,2
job_1.90,PROTO,36.88685622077566,36.88685622077566,1.0,5,0.0,2
job_1.86,SMALL_EXP,4.904488011102359,4.904488011102359,1.0,999,0.0,2
job_1.86,PROTO,34.47502979197793,34.47502979197793,1.0,5,0.0,2
job_9.49,SMALL_EXP,3.302567567161404,3.302567567161404,1.0,999,0.0,2
job_9.49,PROTO,16.882611533788523,16.882611533788523,1.0,5,14.250702481040461,2
job_3.24,SMALL_EXP,11.262321969310188,11.262321969310188,1.0,999,0.0,2
job_3.24,PROTO,1.0032879865159015,1.0032879865159015,1.0,5,29.43106326122951,2
job_12.37,SMALL_EXP,1.7699384436183045,1.7699384436183045,1.0,999,0.0,2
job_12.37,PROTO,6.352820686059727,6.352820686059727,1.0,5,26.607621051371787,2
job_8.44,SMALL_EXP,6.530760442893746,6.530760442893746,1.0,999,0.0,2
job_8.44,PROTO,6.819760101268126,6.819760101268126,1.0,5,29.96361628187715,2
job_1.57,SMALL_EXP,11.962475022462916,11.962475022462916,1.0,999,0.0,2
job_1.57,PROTO,15.172443336892218,15.172443336892218,1.0,5,23.875844936376637,2
job_11.20,SMALL_EXP,3.289340640956459,3.289340640956459,1.0,999,0.0,2
job_11.20,PROTO,13.16687070944755,13.16687070944755,1.0,5,26.7482333762702,2
job_0.19,SMALL_EXP,6.011180663951616,6.011180663951616,1.0,999,0.0,2
job_0.19,PROTO,51.263894631382065,51.263894631382065,1.0,5,0.0,2
job_11.25,SMALL_EXP,5.941292428663999,5.941292428663999,1.0,999,0.0,2
job_11.25,PROTO,7.031839336777253,7.031839336777253,1.0,5,34.5574404121457,2
job_11.63,SMALL_EXP,5.67249224865177,5.67249224865177,1.0,999,0.0,2
job_11.63,PROTO,7.722362162205458,7.722362162205458,1.0,5,37.09571899358025,2
job_6.58,SMALL_EXP,12.299256794715424,12.299256794715424,1.0,999,0.0,2
job_6.58,PROTO,4.993265111177687,4.993265111177687,1.0,5,43.24594196914077,2
job_17.52,SMALL_EXP,2.1127144021366027,2.1127144021366027,1.0,999,0.0,2
job_17.52,PROTO,2.2676913255708397,2.2676913255708397,1.0,5,47.48184278390106,2
job_9.39,SMALL_EXP,8.1345037765953,8.1345037765953,1.0,999,0.0,2
job_9.39,PROTO,18.394753898056397,18.394753898056397,1.0,5,39.93364784720307,2
job_11.36,SMALL_EXP,5.5395544199741416,5.5395544199741416,1.0,999,0.0,2
job_11.36,PROTO,35.71044814386751,35.71044814386751,1.0,5,30.196593413685427,2
job_6.94,SMALL_EXP,13.370475703909836,13.370475703909836,1.0,999,0.0,2
job_6.94,PROTO,8.282878442652219,8.282878442652219,1.0,5,55.542993274781495,2
job_14.23,SMALL_EXP,6.37671245890103,6.37671245890103,1.0,999,0.0,2
job_14.23,PROTO,4.689299687389286,4.689299687389286,1.0,5,63.530987911993066,2
job_11.70,SMALL_EXP,5.5574503708665866,5.5574503708665866,1.0,999,0.0,2
job_11.70,PROTO,40.39135316979915,40.39135316979915,1.0,5,35.31778336836928,2
job_20.05,SMALL_EXP,0.3639720217626299,0.3639720217626299,1.0,999,0.0,2
job_20.05,PROTO,17.266372979644032,17.266372979644032,1.0,5,62.3950796115696,2
job_13.81,SMALL_EXP,4.924619741239357,4.924619741239357,1.0,999,0.0,2
job_13.81,PROTO,41.596004509069395,41.596004509069395,1.0,5,40.05516894746884,2
job_4.96,SMALL_EXP,15.150840331282765,15.150840331282765,1.0,999,0.0,2
job_4.96,PROTO,32.46707281437774,32.46707281437774,1.0,5,49.27631801503666,2
job_14.03,SMALL_EXP,7.406195901817919,7.406195901817919,1.0,999,0.0,2
job_14.03,PROTO,13.234697957545244,13.234697957545244,1.0,5,67.38718204572285,2
job_16.75,SMALL_EXP,7.656788076181914,7.656788076181914,1.0,999,0.0,2
job_16.75,PROTO,10.98948951758634,10.98948951758634,1.0,5,77.65986329999619,2
job_21.20,SMALL_EXP,2.3526235248254936,2.3526235248254936,1.0,999,0.0,2
job_21.20,PROTO,12.865117086996007,12.865117086996007,1.0,5,78.30357430504414,2
job_20.14,SMALL_EXP,1.4460084242433722,1.4460084242433722,1.0,999,0.0,2
job_20.14,PROTO,23.726268186282322,23.726268186282322,1.0,5,71.38394564914402,2
job_24.61,SMALL_EXP,0.2649319735178636,0.2649319735178636,1.0,999,0.0,2
job_24.61,PROTO,4.938534021354255,4.938534021354255,1.0,5,89.8379647711298,2
job_23.13,SMALL_EXP,1.8858879187087059,1.8858879187087059,1.0,999,0.0,2
job_23.13,PROTO,13.791796814313084,13.791796814313084,1.0,5,91.68212236041089,2
job_17.15,SMALL_EXP,4.922507257765113,4.922507257765113,1.0,999,0.0,2
job_17.15,PROTO,32.9892634785758,32.9892634785758,1.0,5,78.00962520484521,2
job_3.15,SMALL_EXP,2.590404329189138,2.590404329189138,1.0,999,0.0,3
job_3.15,PROTO,2.0291524516389727,2.0291524516389727,1.0,5,0.0,3
job_1.50,SMALL_EXP,1.582194515758519,1.582194515758519,1.0,999,0.0,3
job_1.50,PROTO,4.8984541002018185,4.8984541002018185,1.0,5,0.0,3
job_4.94,SMALL_EXP,1.3515392297648485,1.3515392297648485,1.0,999,0.0,3
job_4.94,PROTO,2.5573582638690566,2.5573582638690566,1.0,5,0.0,3
job_2.54,SMALL_EXP,3.178663831179919,3.178663831179919,1.0,999,0.0,3
job_2.54,PROTO,5.734604535714583,5.734604535714583,1.0,5,0.0,3
job_0.38,SMALL_EXP,0.7924857717047762,0.7924857717047762,1.0,999,0.0,3
job_0.38,PROTO,13.7713584223781,13.7713584223781,1.0,5,0.0,3
job_3.35,SMALL_EXP,6.047119743132907,6.047119743132907,1.0,999,0.0,3
job_3.35,PROTO,9.09420558055472,9.09420558055472,1.0,5,5.543424301200687,3
job_2.79,SMALL_EXP,9.333664586412361,9.333664586412361,1.0,999,0.0,3
job_2.79,PROTO,28.511680781983312,28.511680781983312,1.0,5,5.091653249365677,3
job_13.43,SMALL_EXP,0.5810957411558059,0.5810957411558059,1.0,999,0.0,3
job_13.43,PROTO,24.16506690986416,24.16506690986416,1.0,5,10.027653569614536,3
job_5.73,SMALL_EXP,6.675956607837646,6.675956607837646,1.0,999,0.0,3
job_5.73,PROTO,53.45160455600584,53.45160455600584,1.0,5,4.900711258329878,3
job_2.30,SMALL_EXP,5.2196908127382695,5.2196908127382695,1.0,999,0.0,3
job_2.30,PROTO,63.574718952999945,63.574718952999945,1.0,5,0.46180296465901804,3
job_11.16,SMALL_EXP,6.48309529516982,6.48309529516982,1.0,999,0.0,3
job_11.16,PROTO,14.2212305013242,14.2212305013242,1.0,5,54.71664502964291,3
job_15.14,SMALL_EXP,0.5482003934944404,0.5482003934944404,1.0,999,0.0,3
job_15.14,PROTO,16.38003734467289,16.38003734467289,1.0,5,55.06596162018822,3
job_9.96,SMALL_EXP,10.189350846325695,10.189350846325695,1.0,999,0.0,3
job_9.96,PROTO,15.658049519084418,15.658049519084418,1.0,5,64.36352353235664,3
job_19.11,SMALL_EXP,2.272869679276134,2.272869679276134,1.0,999,0.0,3
job_19.11,PROTO,0.989046747865701,0.989046747865701,1.0,5,78.79560320846396,3
job_20.28,SMALL_EXP,1.1050666446864659,1.1050666446864659,1.0,999,0.0,3
job_20.28,PROTO,1.2841433363780324,1.2841433363780324,1.0,5,79.77737188776422,3
job_6.61,SMALL_EXP,2.308211252129822,2.308211252129822,1.0,999,0.0,4
job_6.61,PROTO,13.492441182569554,13.492441182569554,1.0,5,0.0,4
job_5.34,SMALL_EXP,4.662004202910943,4.662004202910943,1.0,999,0.0,4
job_5.34,PROTO,2.830621736418404,2.830621736418404,1.0,5,12.111379647177959,4
job_0.71,SMALL_EXP,2.346408055067924,2.346408055067924,1.0,999,0.0,4
job_0.71,PROTO,22.3779421392163,22.3779421392163,1.0,5,0.0,4
job_10.65,SMALL_EXP,0.03143563802684178,0.03143563802684178,1.0,999,0.0,4
job_10.65,PROTO,4.741087194055387,4.741087194055387,1.0,5,11.729821243830507,4
job_7.73,SMALL_EXP,1.9097701815045622,1.9097701815045622,1.0,999,0.0,4
job_7.73,PROTO,7.868188945913881,7.868188945913881,1.0,5,11.845893336984492,4
job_7.62,SMALL_EXP,3.1012103037543075,3.1012103037543075,1.0,999,0.0,4
job_7.62,PROTO,8.098350840695861,8.098350840695861,1.0,5,14.225117540727796,4
job_8.44,SMALL_EXP,4.795874109585286,4.795874109585286,1.0,999,0.0,4
job_8.44,PROTO,0.3057766477467786,0.3057766477467786,1.0,5,19.811428921993695,4
job_8.89,SMALL_EXP,0.3647200147748065,0.3647200147748065,1.0,999,0.0,4
job_8.89,PROTO,24.402691592485485,24.402691592485485,1.0,5,2.139102716885615,4
job_5.69,SMALL_EXP,7.583652883205196,7.583652883205196,1.0,999,0.0,4
job_5.69,PROTO,3.260167905022743,3.260167905022743,1.0,5,20.077590555577782,4
job_11.58,SMALL_EXP,1.8446358094434172,1.8446358094434172,1.0,999,0.0,4
job_11.58,PROTO,2.422676562574917,2.422676562574917,1.0,5,22.37898263729504,4
job_6.26,SMALL_EXP,4.528582173704389,4.528582173704389,1.0,999,0.0,4
job_6.26,PROTO,18.584154998156997,18.584154998156997,1.0,5,14.646158653251746,4
job_0.79,SMALL_EXP,13.319666337602863,13.319666337602863,1.0,999,0.0,4
job_0.79,PROTO,0.4728099975462712,0.4728099975462712,1.0,5,29.912462610460707,4
job_11.56,SMALL_EXP,2.2677252643001693,2.2677252643001693,1.0,999,0.0,4
job_11.56,PROTO,21.765283744778408,21.765283744778408,1.0,5,24.394123130828106,4
job_2.45,SMALL_EXP,11.956990413570686,11.956990413570686,1.0,999,0.0,4
job_2.45,PROTO,22.834400940060295,22.834400940060295,1.0,5,45.579152333258314,4
job_6.05,SMALL_EXP,5.956113288710364,5.956113288710364,1.0,999,0.0,4
job_6.05,PROTO,56.42622316958813,56.42622316958813,1.0,5,15.150624150155242,4
job_9.22,SMALL_EXP,5.200328133222982,5.200328133222982,1.0,999,0.0,4
job_9.22,PROTO,2.101842767462985,2.101842767462985,1.0,5,68.39965727347304,4
job_11.18,SMALL_EXP,2.6198622109594867,2.6198622109594867,1.0,999,0.0,4
job_11.18,PROTO,48.40053281814492,48.40053281814492,1.0,5,22.816530787875706,4
job_4.60,SMALL_EXP,11.149092794408942,11.149092794408942,1.0,999,0.0,4
job_4.60,PROTO,15.339928638150857,15.339928638150857,1.0,5,69.16918734160976,4
job_2.49,SMALL_EXP,13.777414567827135,13.777414567827135,1.0,999,0.0,4
job_2.49,PROTO,5.229371498946643,5.229371498946643,1.0,5,83.99774162024353,4
job_12.50,SMALL_EXP,2.4296991473599365,2.4296991473599365,1.0,999,0.0,4
job_12.50,PROTO,24.220811971675023,24.220811971675023,1.0,5,68.64542039152605,4
job_10.28,SMALL_EXP,2.7660367040452805,2.7660367040452805,1.0,999,0.0,4
job_10.28,PROTO,82.21231045173548,82.21231045173548,1.0,5,16.310984731183574,4
job_8.70,SMALL_EXP,8.20127225789761,8.20127225789761,1.0,999,0.0,4
job_8.70,PROTO,5.525128596207439,5.525128596207439,1.0,5,94.66400909910926,4
job_14.65,SMALL_EXP,1.4722141086483183,1.4722141086483183,1.0,999,0.0,4
job_14.65,PROTO,38.4237212838974,38.4237212838974,1.0,5,68.89177218097714,4
job_13.02,SMALL_EXP,1.1599472517882532,1.1599472517882532,1.0,999,0.0,4
job_13.02,PROTO,79.99998525725609,79.99998525725609,1.0,5,30.31703487392599,4
job_17.32,SMALL_EXP,0.7286982797032433,0.7286982797032433,1.0,999,0.0,4
job_17.32,PROTO,10.13601437462428,10.13601437462428,1.0,5,99.04730558822028,4
job_2.55,SMALL_EXP,3.5176948255076974,3.5176948255076974,1.0,999,0.0,5
job_2.55,PROTO,2.2842529149373973,2.2842529149373973,1.0,5,0.0,5
job_1.37,SMALL_EXP,4.326777527748683,4.326777527748683,1.0,999,0.0,5
job_1.37,PROTO,4.065224904094668,4.065224904094668,1.0,5,0.0,5
job_3.64,SMALL_EXP,0.3415087219760822,0.3415087219760822,1.0,999,0.0,5
job_3.64,PROTO,37.759411007001134,37.759411007001134,1.0,5,0.0,5
job_6.78,SMALL_EXP,2.4830910538198023,2.4830910538198023,1.0,999,0.0,5
job_6.78,PROTO,0.7318528539906166,0.7318528539906166,1.0,5,32.47693661849936,5
job_4.04,SMALL_EXP,5.253565425620207,5.253565425620207,1.0,999,0.0,5
job_4.04,PROTO,4.560311750586581,4.560311750586581,1.0,5,33.177774337821205,5
job_6.01,SMALL_EXP,0.143753034010797,0.143753034010797,1.0,999,0.0,5
job_6.01,PROTO,71.7710206228153,71.7710206228153,1.0,5,0.0,5
job_11.62,SMALL_EXP,2.053469571687198,2.053469571687198,1.0,999,0.0,5
job_11.62,PROTO,1.2318492743063258,1.2318492743063258,1.0,5,64.24472864241118,5
job_3.78,SMALL_EXP,11.757406121726902,11.757406121726902,1.0,999,0.0,5
job_3.78,PROTO,2.1908159317163345,2.1908159317163345,1.0,5,63.616765634940634,5
job_1.85,SMALL_EXP,14.019838213216959,14.019838213216959,1.0,999,0.0,5
job_1.85,PROTO,1.6536995713984106,1.6536995713984106,1.0,5,65.47195632440068,5
job_4.25,SMALL_EXP,6.925052994045199,6.925052994045199,1.0,999,0.0,5
job_4.25,PROTO,16.98433008350832,16.98433008350832,1.0,5,57.59538024945697,5
job_8.51,SMALL_EXP,2.3993177008232025,2.3993177008232025,1.0,999,0.0,5
job_8.51,PROTO,23.905805582866112,23.905805582866112,1.0,5,56.61031596169407,5
job_12.81,SMALL_EXP,4.768555693628608,4.768555693628608,1.0,999,0.0,5
job_12.81,PROTO,12.29330686817405,12.29330686817405,1.0,5,68.18150707979788,5
job_17.15,SMALL_EXP,0.7942650604165042,0.7942650604165042,1.0,999,0.0,5
job_17.15,PROTO,13.34630012497967,13.34630012497967,1.0,5,73.47883332577152,5
job_18.53,SMALL_EXP,0.7712972529944265,0.7712972529944265,1.0,999,0.0,5
job_18.53,PROTO,23.954998559747864,23.954998559747864,1.0,5,78.74586872898567,5
job_16.28,SMALL_EXP,0.8443817721225717,0.8443817721225717,1.0,999,0.0,5
job_16.28,PROTO,40.53431875181436,40.53431875181436,1.0,5,65.87760190245895,5
job_7.04,SMALL_EXP,4.6129810893662375,4.6129810893662375,1.0,999,0.0,6
job_7.04,PROTO,27.761018189379726,27.761018189379726,1.0,5,21.304322899754105,6
job_2.88,SMALL_EXP,1.6470000024347926,1.6470000024347926,1.0,999,0.0,6
job_2.88,PROTO,59.94925339678523,59.94925339678523,1.0,5,0.0,6
job_9.59,SMALL_EXP,3.50300121353755,3.50300121353755,1.0,999,0.0,6
job_9.59,PROTO,5.369480372276132,5.369480372276132,1.0,5,47.61662260734639,6
job_7.25,SMALL_EXP,6.6881571680167475,6.6881571680167475,1.0,999,0.0,6
job_7.25,PROTO,7.488312741538092,7.488312741538092,1.0,5,50.53618811876456,6
job_6.83,SMALL_EXP,2.6751601290832894,2.6751601290832894,1.0,999,0.0,6
job_6.83,PROTO,62.78933024806115,62.78933024806115,1.0,5,0.0,6
job_6.63,SMALL_EXP,10.61969587140165,10.61969587140165,1.0,999,0.0,6
job_6.63,PROTO,13.894233517274007,13.894233517274007,1.0,5,62.202342377788476,6
job_12.28,SMALL_EXP,2.285054088567651,2.285054088567651,1.0,999,0.0,6
job_12.28,PROTO,33.648291906924435,33.648291906924435,1.0,5,51.51671839309824,6
job_15.99,SMALL_EXP,1.333451574215768,1.333451574215768,1.0,999,0.0,6
job_15.99,PROTO,36.07677033650369,36.07677033650369,1.0,5,64.50404208020746,6
job_11.82,SMALL_EXP,8.068199132447102,8.068199132447102,1.0,999,0.0,6
job_11.82,PROTO,19.052329678101618,19.052329678101618,1.0,5,79.83969651485941,6
job_17.86,SMALL_EXP,0.8657881984847327,0.8657881984847327,1.0,999,0.0,6
job_17.86,PROTO,25.78023329411397,25.78023329411397,1.0,5,74.62104307105463,6
job_8.24,SMALL_EXP,9.054446707411598,9.054446707411598,1.0,999,0.0,6
job_8.24,PROTO,40.87296756052995,40.87296756052995,1.0,5,62.719641521374704,6
job_3.60,SMALL_EXP,16.62133291132151,16.62133291132151,1.0,999,0.0,6
job_3.60,PROTO,3.486354644655979,3.486354644655979,1.0,5,98.56364526221483,6
job_15.62,SMALL_EXP,6.32729641073533,6.32729641073533,1.0,999,0.0,6
job_15.62,PROTO,6.178307541841865,6.178307541841865,1.0,5,100.31910945440634,6
job_15.33,SMALL_EXP,5.022409578419432,5.022409578419432,1.0,999,0.0,6
job_15.33,PROTO,9.534005787409745,9.534005787409745,1.0,5,98.77313295696328,6
job_22.49,SMALL_EXP,0.6546136964942179,0.6546136964942179,1.0,999,0.0,6
job_22.49,PROTO,2.8992671348144943,2.8992671348144943,1.0,5,105.30608986765883,6
job_5.39,SMALL_EXP,5.10816893244246,5.10816893244246,1.0,999,0.0,7
job_5.39,PROTO,1.533197479884114,1.533197479884114,1.0,5,12.578219635351456,7
job_0.31,SMALL_EXP,1.3651780200713814,1.3651780200713814,1.0,999,0.0,7
job_0.31,PROTO,34.9780348207544,34.9780348207544,1.0,5,0.0,7
job_1.63,SMALL_EXP,7.405700703227335,7.405700703227335,1.0,999,0.0,7
job_1.63,PROTO,30.568101084200077,30.568101084200077,1.0,5,0.0,7
job_11.30,SMALL_EXP,0.6205690288911968,0.6205690288911968,1.0,999,0.0,7
job_11.30,PROTO,7.575592374845877,7.575592374845877,1.0,5,24.727592051578025,7
job_10.20,SMALL_EXP,0.4361880839090106,0.4361880839090106,1.0,999,0.0,7
job_10.20,PROTO,21.58851202179603,21.58851202179603,1.0,5,12.790924002440907,7
job_0.66,SMALL_EXP,12.513890765404536,12.513890765404536,1.0,999,0.0,7
job_0.66,PROTO,7.477790720279236,7.477790720279236,1.0,5,26.429146124675576,7
job_9.09,SMALL_EXP,2.2159578245518334,2.2159578245518334,1.0,999,0.0,7
job_9.09,PROTO,23.694745938520608,23.694745938520608,1.0,5,13.30947994487639,7
job_7.54,SMALL_EXP,5.755651568375242,5.755651568375242,1.0,999,0.0,7
job_7.54,PROTO,18.516170168232097,18.516170168232097,1.0,5,30.930407166164223,7
job_8.04,SMALL_EXP,1.3338208189206762,1.3338208189206762,1.0,999,0.0,7
job_8.04,PROTO,66.66502636939546,66.66502636939546,1.0,5,0.0,7
job_12.18,SMALL_EXP,2.882694774494154,2.882694774494154,1.0,999,0.0,7
job_12.18,PROTO,30.764487159604588,30.764487159604588,1.0,5,32.01488304402544,7
job_8.31,SMALL_EXP,7.651659655525678,7.651659655525678,1.0,999,0.0,7
job_8.31,PROTO,47.404977234857185,47.404977234857185,1.0,5,32.3456329819026,7
job_14.03,SMALL_EXP,2.5348488239863602,2.5348488239863602,1.0,999,0.0,7
job_14.03,PROTO,28.82444667482768,28.82444667482768,1.0,5,61.279815687465785,7
job_13.64,SMALL_EXP,4.493307798619206,4.493307798619206,1.0,999,0.0,7
job_13.64,PROTO,27.95165074460243,27.95165074460243,1.0,5,63.80545241113599,7
job_13.38,SMALL_EXP,5.1783542675837255,5.1783542675837255,1.0,999,0.0,7
job_13.38,PROTO,21.185027796673133,21.185027796673133,1.0,5,73.55104022853095,7
job_10.71,SMALL_EXP,5.256278315440998,5.256278315440998,1.0,999,0.0,7
job_10.71,PROTO,55.09851346555954,55.09851346555954,1.0,5,46.77772735102593,7
job_5.74,SMALL_EXP,1.0854425816343776,1.0854425816343776,1.0,999,0.0,8
job_5.74,PROTO,20.926595328851178,20.926595328851178,1.0,5,0.0,8
job_2.27,SMALL_EXP,3.611974477982164,3.611974477982164,1.0,999,0.0,8
job_2.27,PROTO,24.43873737438829,24.43873737438829,1.0,5,0.0,8
job_3.68,SMALL_EXP,7.2333040181912605,7.2333040181912605,1.0,999,0.0,8
job_3.68,PROTO,6.6891851460028935,6.6891851460028935,1.0,5,13.834626198468332,8
job_10.12,SMALL_EXP,2.2856352803192848,2.2856352803192848,1.0,999,0.0,8
job_10.12,PROTO,4.888792232081953,4.888792232081953,1.0,5,17.917154792839924,8
job_3.83,SMALL_EXP,9.57811460975759,9.57811460975759,1.0,999,0.0,8
job_3.83,PROTO,5.39491500617846,5.39491500617846,1.0,5,21.80098895402562,8
job_2.06,SMALL_EXP,0.2676057379127514,0.2676057379127514,1.0,999,0.0,9
job_2.06,PROTO,3.6645971066900076,3.6645971066900076,1.0,5,0.0,9
job_4.80,SMALL_EXP,1.706863124546342,1.706863124546342,1.0,999,0.0,9
job_4.80,PROTO,6.255374548752431,6.255374548752431,1.0,5,0.0,9
job_5.29,SMALL_EXP,0.34203861857268447,0.34203861857268447,1.0,999,0.0,9
job_5.29,PROTO,13.258876614606955,13.258876614606955,1.0,5,0.0,9
job_0.65,SMALL_EXP,3.7929125510236914,3.7929125510236914,1.0,999,0.0,9
job_0.65,PROTO,16.914097213987652,16.914097213987652,1.0,5,0.0,9
job_10.04,SMALL_EXP,0.35231085862603545,0.35231085862603545,1.0,999,0.0,9
job_10.04,PROTO,2.2527835114245933,2.2527835114245933,1.0,5,10.966081780712521,9
job_7.29,SMALL_EXP,3.2400743717201372,3.2400743717201372,1.0,999,0.0,9
job_7.29,PROTO,0.3153925148227712,0.3153925148227712,1.0,5,13.077789403388714,9
job_10.11,SMALL_EXP,1.1192572666210336,1.1192572666210336,1.0,999,0.0,9
job_10.11,PROTO,8.971177253162999,8.971177253162999,1.0,5,12.694817038726388,9
job_3.81,SMALL_EXP,4.323318705231329,4.323318705231329,1.0,999,0.0,9
job_3.81,PROTO,22.0479361806604,22.0479361806604,1.0,5,4.62751616597421,9
job_5.83,SMALL_EXP,6.140622958751351,6.140622958751351,1.0,999,0.0,9
job_5.83,PROTO,0.1937755798184904,0.1937755798184904,1.0,5,22.844094534162785,9
job_3.99,SMALL_EXP,0.66335331343687,0.66335331343687,1.0,999,0.0,9
job_3.99,PROTO,44.69703258892457,44.69703258892457,1.0,5,0.0,9
job_4.98,SMALL_EXP,4.776669185397827,4.776669185397827,1.0,999,0.0,9
job_4.98,PROTO,30.984735383573113,30.984735383573113,1.0,5,9.137052678632827,9
job_12.67,SMALL_EXP,0.16899175328909632,0.16899175328909632,1.0,999,0.0,9
job_12.67,PROTO,13.191158818013083,13.191158818013083,1.0,5,37.03782400862204,9
job_2.94,SMALL_EXP,2.6389341535465336,2.6389341535465336,1.0,999,0.0,9
job_2.94,PROTO,58.52415058301966,58.52415058301966,1.0,5,0.0,9
job_9.89,SMALL_EXP,3.328546154071104,3.328546154071104,1.0,999,0.0,9
job_9.89,PROTO,10.481557874398687,10.481557874398687,1.0,5,50.889618183585384,9
job_6.69,SMALL_EXP,6.553145511102039,6.553145511102039,1.0,999,0.0,9
job_6.69,PROTO,3.6450646831796862,3.6450646831796862,1.0,5,61.34832677989847,9
job_9.80,SMALL_EXP,2.722663540218538,2.722663540218538,1.0,999,0.0,9
job_9.80,PROTO,29.44796398956033,29.44796398956033,1.0,5,36.834239295048945,9
job_11.90,SMALL_EXP,0.2810034630263494,0.2810034630263494,1.0,999,0.0,9
job_11.90,PROTO,49.708918692585385,49.708918692585385,1.0,5,22.826025930649966,9
job_3.20,SMALL_EXP,10.993120514693768,10.993120514693768,1.0,999,0.0,9
job_3.20,PROTO,1.3773715903673045,1.3773715903673045,1.0,5,70.52242963034382,9
job_7.08,SMALL_EXP,7.039755624425286,7.039755624425286,1.0,999,0.0,9
job_7.08,PROTO,21.248631013844616,21.248631013844616,1.0,5,64.68082272871472,9
job_6.56,SMALL_EXP,5.098494742897854,5.098494742897854,1.0,999,0.0,9
job_6.56,PROTO,69.69785511660167,69.69785511660167,1.0,5,21.23956342799572,9
job_9.82,SMALL_EXP,4.777837817959518,4.777837817959518,1.0,999,0.0,9
job_9.82,PROTO,26.01879024262476,26.01879024262476,1.0,5,71.49538212109773,9
job_9.62,SMALL_EXP,5.135474879267486,5.135474879267486,1.0,999,0.0,9
job_9.62,PROTO,15.807103978383017,15.807103978383017,1.0,5,85.29433901265189,9
job_1.72,SMALL_EXP,14.469574857004,14.469574857004,1.0,999,0.0,9
job_1.72,PROTO,9.224307425758264,9.224307425758264,1.0,5,95.92373356327495,9
job_15.49,SMALL_EXP,2.1984493866655526,2.1984493866655526,1.0,999,0.0,9
job_15.49,PROTO,7.198188091075837,7.198188091075837,1.0,5,103.64908244719426,9
job_10.14,SMALL_EXP,7.862051194175113,7.862051194175113,1.0,999,0.0,9
job_10.14,PROTO,2.0646634107714226,2.0646634107714226,1.0,5,110.52780666047909,9
job_1.74,SMALL_EXP,1.2079947698319058,1.2079947698319058,1.0,999,0.0,10
job_1.74,PROTO,10.444884847190233,10.444884847190233,1.0,5,0.0,10
job_0.41,SMALL_EXP,0.3749247199135996,0.3749247199135996,1.0,999,0.0,10
job_0.41,PROTO,16.01897504416776,16.01897504416776,1.0,5,0.0,10
job_2.49,SMALL_EXP,2.429234912075174,2.429234912075174,1.0,999,0.0,10
job_2.49,PROTO,5.314453873822072,5.314453873822072,1.0,5,11.885358490954342,10
job_1.73,SMALL_EXP,1.0433122924746099,1.0433122924746099,1.0,999,0.0,10
job_1.73,PROTO,19.542168833065883,19.542168833065883,1.0,5,0.0,10
job_3.65,SMALL_EXP,4.228730961975506,4.228730961975506,1.0,999,0.0,10
job_3.65,PROTO,9.231024094761903,9.231024094761903,1.0,5,14.241178339484941,10
job_3.54,SMALL_EXP,0.7721826729449739,0.7721826729449739,1.0,999,0.0,10
job_3.54,PROTO,23.925032126817243,23.925032126817243,1.0,5,9.07848746679395,10
job_2.01,SMALL_EXP,6.5632208810847334,6.5632208810847334,1.0,999,0.0,10
job_2.01,PROTO,10.750664544645748,10.750664544645748,1.0,5,22.777459322604177,10
job_2.84,SMALL_EXP,5.073044764485262,5.073044764485262,1.0,999,0.0,10
job_2.84,PROTO,20.77055310622506,20.77055310622506,1.0,5,14.403426546918084,10
job_2.84,SMALL_EXP,0.9318176777054957,0.9318176777054957,1.0,999,0.0,10
job_2.84,PROTO,45.664336824302396,45.664336824302396,1.0,5,0.0,10
job_3.12,SMALL_EXP,6.98431279605475,6.98431279605475,1.0,999,0.0,10
job_3.12,PROTO,4.688779932297675,4.688779932297675,1.0,5,39.334211369329864,10
job_7.78,SMALL_EXP,1.3196628352327475,1.3196628352327475,1.0,999,0.0,10
job_7.78,PROTO,13.720629196801335,13.720629196801335,1.0,5,33.00495260199493,10
job_6.14,SMALL_EXP,2.8675791701094675,2.8675791701094675,1.0,999,0.0,10
job_6.14,PROTO,28.86420176974393,28.86420176974393,1.0,5,28.313497287765664,10
job_5.86,SMALL_EXP,5.613801652029899,5.613801652029899,1.0,999,0.0,10
job_5.86,PROTO,12.178709446703888,12.178709446703888,1.0,5,42.651570961892844,10
job_3.69,SMALL_EXP,6.299506572898209,6.299506572898209,1.0,999,0.0,10
job_3.69,PROTO,36.15119630354053,36.15119630354053,1.0,5,33.102546502487186,10
job_1.18,SMALL_EXP,0.40542231695700637,0.40542231695700637,1.0,999,0.0,10
job_1.18,PROTO,78.77740579047506,78.77740579047506,1.0,5,0.0,10
job_9.41,SMALL_EXP,2.685185646845767,2.685185646845767,1.0,999,0.0,10
job_9.41,PROTO,28.85030129161216,28.85030129161216,1.0,5,43.73195347213573,10
job_9.49,SMALL_EXP,5.841099908883498,5.841099908883498,1.0,999,0.0,10
job_9.49,PROTO,7.996716773648506,7.996716773648506,1.0,5,65.03226890200264,10
job_14.00,SMALL_EXP,2.088321609836991,2.088321609836991,1.0,999,0.0,10
job_14.00,PROTO,0.19929160367438994,0.19929160367438994,1.0,5,72.27367619146901,10
job_5.20,SMALL_EXP,7.911362167881335,7.911362167881335,1.0,999,0.0,10
job_5.20,PROTO,33.02441856968505,33.02441856968505,1.0,5,53.07195772021952,10
job_6.46,SMALL_EXP,7.862232659788429,7.862232659788429,1.0,999,0.0,10
job_6.46,PROTO,35.47453320257474,35.47453320257474,1.0,5,51.985612439604196,10
job_15.21,SMALL_EXP,1.9429772651713157,1.9429772651713157,1.0,999,0.0,10
job_15.21,PROTO,14.620633731201826,14.620633731201826,1.0,5,71.40639058634304,10
job_16.72,SMALL_EXP,0.5424009348585574,0.5424009348585574,1.0,999,0.0,10
job_16.72,PROTO,12.797473428536154,12.797473428536154,1.0,5,81.94026010629022,10
job_16.02,SMALL_EXP,3.382272573961512,3.382272573961512,1.0,999,0.0,10
job_16.02,PROTO,1.7810764994832542,1.7810764994832542,1.0,5,92.60345757851874,10
job_18.32,SMALL_EXP,0.6827118621176473,0.6827118621176473,1.0,999,0.0,10
job_18.32,PROTO,19.16125859000381,19.16125859000381,1.0,5,84.18160917457547,10
job_7.49,SMALL_EXP,8.393312544388792,8.393312544388792,1.0,999,0.0,10
job_7.49,PROTO,40.312023600942325,40.312023600942325,1.0,5,68.79226848282157,10
job_4.73,SMALL_EXP,0.482583725170176,0.482583725170176,1.0,999,0.0,11
job_4.73,PROTO,7.041389737609826,7.041389737609826,1.0,5,0.0,11
job_9.76,SMALL_EXP,0.038906655961303306,0.038906655961303306,1.0,999,0.0,11
job_9.76,PROTO,1.8446167454919158,1.8446167454919158,1.0,5,2.460022983512994,11
job_8.63,SMALL_EXP,1.507348247021097,1.507348247021097,1.0,999,0.0,11
job_8.63,PROTO,0.5150958621101857,0.5150958621101857,1.0,5,3.96210377519839,11
job_3.20,SMALL_EXP,3.3709165845083096,3.3709165845083096,1.0,999,0.0,11
job_3.20,PROTO,11.652515733158728,11.652515733158728,1.0,5,0.0,11
job_1.91,SMALL_EXP,0.16312149761309347,0.16312149761309347,1.0,999,0.0,11
job_1.91,PROTO,21.72175029387904,21.72175029387904,1.0,5,0.0,11
job_0.00,SMALL_EXP,7.933642248211174,7.933642248211174,1.0,999,0.0,11
job_0.00,PROTO,23.233912955919312,23.233912955919312,1.0,5,0.0,11
job_13.25,SMALL_EXP,0.09060939639314543,0.09060939639314543,1.0,999,0.0,11
job_13.25,PROTO,12.539322478690465,12.539322478690465,1.0,5,10.451561797016161,11
job_12.82,SMALL_EXP,1.2928736611062859,1.2928736611062859,1.0,999,0.0,11
job_12.82,PROTO,7.638562822371273,7.638562822371273,1.0,5,22.215218975452103,11
job_7.19,SMALL_EXP,6.804246399450721,6.804246399450721,1.0,999,0.0,11
job_7.19,PROTO,12.973555218944318,12.973555218944318,1.0,5,17.17450157090241,11
job_5.93,SMALL_EXP,9.285028612917902,9.285028612917902,1.0,999,0.0,11
job_5.93,PROTO,1.3538705964456448,1.3538705964456448,1.0,5,28.930597534856762,11
job_14.75,SMALL_EXP,1.2665917346314932,1.2665917346314932,1.0,999,0.0,11
job_14.75,PROTO,10.572633868693195,10.572633868693195,1.0,5,29.476638044050684,11
job_9.90,SMALL_EXP,1.6883378009762213,1.6883378009762213,1.0,999,0.0,11
job_9.90,PROTO,40.35443161544584,40.35443161544584,1.0,5,6.629937537820631,11
job_3.08,SMALL_EXP,8.068461695245466,8.068461695245466,1.0,999,0.0,11
job_3.08,PROTO,46.06987402444157,46.06987402444157,1.0,5,3.4700056096876306,11
job_6.40,SMALL_EXP,0.9222622087183736,0.9222622087183736,1.0,999,0.0,11
job_6.40,PROTO,55.0382956283225,55.0382956283225,1.0,5,0.0,11
job_7.06,SMALL_EXP,7.885952431839963,7.885952431839963,1.0,999,0.0,11
job_7.06,PROTO,23.221181494855788,23.221181494855788,1.0,5,29.027888041182695,11
job_15.37,SMALL_EXP,3.3486743427087244,3.3486743427087244,1.0,999,0.0,11
job_15.37,PROTO,3.7843099784332557,3.7843099784332557,1.0,5,48.468982666592694,11
job_12.70,SMALL_EXP,5.653202980022622,5.653202980022622,1.0,999,0.0,11
job_12.70,PROTO,17.07534969922873,17.07534969922873,1.0,5,44.01267570579232,11
job_18.74,SMALL_EXP,0.18996510929366164,0.18996510929366164,1.0,999,0.0,11
job_18.74,PROTO,8.507935082100218,8.507935082100218,1.0,5,52.04998155132229,11
job_18.60,SMALL_EXP,1.3327496051269918,1.3327496051269918,1.0,999,0.0,11
job_18.60,PROTO,9.875056519233032,9.875056519233032,1.0,5,59.50839544392951,11
job_17.87,SMALL_EXP,3.186443272056599,3.186443272056599,1.0,999,0.0,11
job_17.87,PROTO,21.743401107773135,21.743401107773135,1.0,5,68.26165579243938,11
job_4.17,SMALL_EXP,0.4904206788784637,0.4904206788784637,1.0,999,0.0,12
job_4.17,PROTO,8.083194455519587,8.083194455519587,1.0,5,0.0,12
job_4.78,SMALL_EXP,1.4395078384338746,1.4395078384338746,1.0,999,0.0,12
job_4.78,PROTO,3.091738828013923,3.091738828013923,1.0,5,6.5202763909910395,12
job_1.67,SMALL_EXP,4.33537800389797,4.33537800389797,1.0,999,0.0,12
job_1.67,PROTO,12.8097968693271,12.8097968693271,1.0,5,0.0,12
job_1.17,SMALL_EXP,4.411453498974077,4.411453498974077,1.0,999,0.0,12
job_1.17,PROTO,15.78215059830343,15.78215059830343,1.0,5,0.0,12
job_0.08,SMALL_EXP,4.993833556336317,4.993833556336317,1.0,999,0.0,12
job_0.08,PROTO,24.546580673272604,24.546580673272604,1.0,5,0.0,12
job_8.96,SMALL_EXP,0.6260076767506219,0.6260076767506219,1.0,999,0.0,12
job_8.96,PROTO,10.901925890901836,10.901925890901836,1.0,5,11.773441706346729,12
job_2.55,SMALL_EXP,2.0860840767612614,2.0860840767612614,1.0,999,0.0,12
job_2.55,PROTO,29.056245672210167,29.056245672210167,1.0,5,0.0,12
job_5.60,SMALL_EXP,5.139406342126305,5.139406342126305,1.0,999,0.0,12
job_5.60,PROTO,8.848067170292282,8.848067170292282,1.0,5,18.880255271960202,12
job_11.46,SMALL_EXP,0.6846890644159199,0.6846890644159199,1.0,999,0.0,12
job_11.46,PROTO,4.812520033265883,4.812520033265883,1.0,5,26.32371292531746,12
job_5.82,SMALL_EXP,5.979717298118745,5.979717298118745,1.0,999,0.0,12
job_5.82,PROTO,19.246733663993425,19.246733663993425,1.0,5,21.89321904136648,12
job_10.27,SMALL_EXP,1.437312235787381,1.437312235787381,1.0,999,0.0,12
job_10.27,PROTO,21.595920721454895,21.595920721454895,1.0,5,20.561300026279064,12
job_11.71,SMALL_EXP,1.847748713587666,1.847748713587666,1.0,999,0.0,12
job_11.71,PROTO,2.1968645591816744,2.1968645591816744,1.0,5,39.37899056407059,12
job_1.30,SMALL_EXP,12.757790606742645,12.757790606742645,1.0,999,0.0,12
job_1.30,PROTO,4.426685666205895,4.426685666205895,1.0,5,39.802761059875074,12
job_9.62,SMALL_EXP,4.819412037278203,4.819412037278203,1.0,999,0.0,12
job_9.62,PROTO,3.4569367843022016,3.4569367843022016,1.0,5,40.69643153125442,12
job_9.53,SMALL_EXP,5.5361791668968365,5.5361791668968365,1.0,999,0.0,12
job_9.53,PROTO,6.872463785421395,6.872463785421395,1.0,5,43.217661561361304,12
job_1.46,SMALL_EXP,16.69610888134713,16.69610888134713,1.0,999,0.0,12
job_1.46,PROTO,6.267198377661826,6.267198377661826,1.0,5,82.59028235241263,12
job_5.09,SMALL_EXP,13.028721509805122,13.028721509805122,1.0,999,0.0,12
job_5.09,PROTO,7.655388040475558,7.655388040475558,1.0,5,81.54818099766143,12
job_14.63,SMALL_EXP,4.655477417364215,4.655477417364215,1.0,999,0.0,12
job_14.63,PROTO,8.761342812729325,8.761342812729325,1.0,5,88.03628917449007,12
job_12.75,SMALL_EXP,7.22332692074632,7.22332692074632,1.0,999,0.0,12
job_12.75,PROTO,1.6632637206215586,1.6632637206215586,1.0,5,96.11031805822641,12
job_15.85,SMALL_EXP,1.8340527796668815,1.8340527796668815,1.0,999,0.0,12
job_15.85,PROTO,51.7716366565197,51.7716366565197,1.0,5,49.295417952058536,12
job_7.19,SMALL_EXP,3.179305863850977,3.179305863850977,1.0,999,0.0,13
job_7.19,PROTO,7.700865063769554,7.700865063769554,1.0,5,3.06012718612147,13
job_4.38,SMALL_EXP,1.5050027001892547,1.5050027001892547,1.0,999,0.0,13
job_4.38,PROTO,15.40780565556133,15.40780565556133,1.0,5,0.0,13
job_4.95,SMALL_EXP,1.713896179177962,1.713896179177962,1.0,999,0.0,13
job_4.95,PROTO,15.312567329674273,15.312567329674273,1.0,5,0.0,13
job_6.32,SMALL_EXP,6.923418906517267,6.923418906517267,1.0,999,0.0,13
job_6.32,PROTO,5.852083629674601,5.852083629674601,1.0,5,8.734856765844196,13
job_11.23,SMALL_EXP,2.0835625500926747,2.0835625500926747,1.0,999,0.0,13
job_11.23,PROTO,1.9572313337931149,1.9572313337931149,1.0,5,14.516547166508634,13
job_8.44,SMALL_EXP,1.4352234332355038,1.4352234332355038,1.0,999,0.0,13
job_8.44,PROTO,41.125722524403066,41.125722524403066,1.0,5,0.0,13
job_12.45,SMALL_EXP,2.9829699991988505,2.9829699991988505,1.0,999,0.0,13
job_12.45,PROTO,19.534478995425218,19.534478995425218,1.0,5,31.159522976206055,13
job_12.89,SMALL_EXP,2.435411118668225,2.435411118668225,1.0,999,0.0,13
job_12.89,PROTO,35.65385593446068,35.65385593446068,1.0,5,23.923610623595064,13
job_8.51,SMALL_EXP,5.266485560369124,5.266485560369124,1.0,999,0.0,13
job_8.51,PROTO,55.15497210087486,55.15497210087486,1.0,5,16.834034875290325,13
job_10.83,SMALL_EXP,7.037738587942375,7.037738587942375,1.0,999,0.0,13
job_10.83,PROTO,1.2207957573999497,1.2207957573999497,1.0,5,67.89966360397779,13
job_4.93,SMALL_EXP,0.13455691496400932,0.13455691496400932,1.0,999,0.0,14
job_4.93,PROTO,8.092110000705924,8.092110000705924,1.0,5,0.0,14
job_3.17,SMALL_EXP,2.8209280546883724,2.8209280546883724,1.0,999,0.0,14
job_3.17,PROTO,16.7301760676554,16.7301760676554,1.0,5,0.0,14
job_1.42,SMALL_EXP,2.642713462688236,2.642713462688236,1.0,999,0.0,14
job_1.42,PROTO,25.30976391634502,25.30976391634502,1.0,5,0.0,14
job_1.45,SMALL_EXP,0.02046336745879603,0.02046336745879603,1.0,999,0.0,14
job_1.45,PROTO,31.963912176249664,31.963912176249664,1.0,5,0.0,14
job_4.88,SMALL_EXP,1.3346623918046845,1.3346623918046845,1.0,999,0.0,14
job_4.88,PROTO,26.179305067756182,26.179305067756182,1.0,5,6.936469772479383,14
job_11.82,SMALL_EXP,1.086941425977758,1.086941425977758,1.0,999,0.0,14
job_11.82,PROTO,1.7874912409809727,1.7874912409809727,1.0,5,45.60022986841085,14
job_2.05,SMALL_EXP,10.919951252379578,10.919951252379578,1.0,999,0.0,14
job_2.05,PROTO,5.447616007508242,5.447616007508242,1.0,5,47.31995313819976,14
job_12.51,SMALL_EXP,0.38912249874911675,0.38912249874911675,1.0,999,0.0,14
job_12.51,PROTO,17.43867390824054,17.43867390824054,1.0,5,38.128964921905414,14
job_11.39,SMALL_EXP,1.508399547184486,1.508399547184486,1.0,999,0.0,14
job_11.39,PROTO,14.667462350251922,14.667462350251922,1.0,5,45.05196179774737,14
job_11.45,SMALL_EXP,1.8907958197816015,1.8907958197816015,1.0,999,0.0,14
job_11.45,PROTO,14.87715379938033,14.87715379938033,1.0,5,52.399555069834435,14
job_10.78,SMALL_EXP,0.22308093599507042,0.22308093599507042,1.0,999,0.0,14
job_10.78,PROTO,39.64630200981922,39.64630200981922,1.0,5,31.673763003208137,14
job_2.69,SMALL_EXP,5.782746573743348,5.782746573743348,1.0,999,0.0,14
job_2.69,PROTO,43.67283556755012,43.67283556755012,1.0,5,30.85600855007165,14
job_6.09,SMALL_EXP,7.3763949815792955,7.3763949815792955,1.0,999,0.0,14
job_6.09,PROTO,23.316384547399082,23.316384547399082,1.0,5,54.99824291663449,14
job_4.43,SMALL_EXP,10.607604721724979,10.607604721724979,1.0,999,0.0,14
job_4.43,PROTO,30.44926194032603,30.44926194032603,1.0,5,65.57892801749813,14
job_13.82,SMALL_EXP,2.8844758701008018,2.8844758701008018,1.0,999,0.0,14
job_13.82,PROTO,31.469014500546017,31.469014500546017,1.0,5,75.07948148144689,14
job_1.11,SMALL_EXP,0.91588787586765,0.91588787586765,1.0,999,0.0,15
job_1.11,PROTO,6.081779885337983,6.081779885337983,1.0,5,0.0,15
job_0.41,SMALL_EXP,3.190891862201134,3.190891862201134,1.0,999,0.0,15
job_0.41,PROTO,8.767837782529057,8.767837782529057,1.0,5,0.0,15
job_1.54,SMALL_EXP,4.832585901690955,4.832585901690955,1.0,999,0.0,15
job_1.54,PROTO,4.328794883256589,4.328794883256589,1.0,5,1.7391503024591053,15
job_4.97,SMALL_EXP,0.6598028998857245,0.6598028998857245,1.0,999,0.0,15
job_4.97,PROTO,12.470770657290888,12.470770657290888,1.0,5,0.0,15
job_1.36,SMALL_EXP,2.00893331830101,2.00893331830101,1.0,999,0.0,15
job_1.36,PROTO,17.215914667410225,17.215914667410225,1.0,5,0.0,15
job_5.50,SMALL_EXP,1.3720663630595302,1.3720663630595302,1.0,999,0.0,15
job_5.50,PROTO,9.391246399292186,9.391246399292186,1.0,5,5.559948609504734,15
job_1.33,SMALL_EXP,3.3131344127527966,3.3131344127527966,1.0,999,0.0,15
job_1.33,PROTO,27.007489105782273,27.007489105782273,1.0,5,0.0,15
job_3.58,SMALL_EXP,4.89987470269363,4.89987470269363,1.0,999,0.0,15
job_3.58,PROTO,13.011103812957117,13.011103812957117,1.0,5,12.106183691713385,15
job_0.33,SMALL_EXP,9.024499635749835,9.024499635749835,1.0,999,0.0,15
job_0.33,PROTO,3.1148660321301755,3.1148660321301755,1.0,5,22.294374038645856,15
job_5.74,SMALL_EXP,4.188043625182151,4.188043625182151,1.0,999,0.0,15
job_5.74,PROTO,8.869668243605549,8.869668243605549,1.0,5,23.6688218482832,15
job_7.21,SMALL_EXP,3.1521676038161504,3.1521676038161504,1.0,999,0.0,15
job_7.21,PROTO,13.422202460328306,13.422202460328306,1.0,5,24.40792039494351,15
job_4.95,SMALL_EXP,6.71945818885355,6.71945818885355,1.0,999,0.0,15
job_4.95,PROTO,18.884320238790355,18.884320238790355,1.0,5,30.79706984398942,15
job_1.92,SMALL_EXP,11.318746955233228,11.318746955233228,1.0,999,0.0,15
job_1.92,PROTO,4.590049382618668,4.590049382618668,1.0,5,48.11441295673865,15
job_5.25,SMALL_EXP,3.714564634620854,3.714564634620854,1.0,999,0.0,15
job_5.25,PROTO,61.53208471913105,61.53208471913105,1.0,5,12.863965514430383,15
job_12.62,SMALL_EXP,0.4939828330035355,0.4939828330035355,1.0,999,0.0,15
job_12.62,PROTO,44.33372945705993,44.33372945705993,1.0,5,35.07669449030929,15
job_2.73,SMALL_EXP,11.053873250966017,11.053873250966017,1.0,999,0.0,15
job_2.73,PROTO,31.897661102037965,31.897661102037965,1.0,5,52.152984590330846,15
job_0.54,SMALL_EXP,7.428970989868706,7.428970989868706,1.0,999,0.0,15
job_0.54,PROTO,80.51709758921533,80.51709758921533,1.0,5,10.129062805954867,15
job_0.46,SMALL_EXP,5.91519761100416,5.91519761100416,1.0,999,0.0,15
job_0.46,PROTO,92.2192853309187,92.2192853309187,1.0,5,5.997496164285379,15
job_7.78,SMALL_EXP,7.859823508322092,7.859823508322092,1.0,999,0.0,15
job_7.78,PROTO,7.208365430027751,7.208365430027751,1.0,5,88.9454338998849,15
job_1.76,SMALL_EXP,12.791852976821758,12.791852976821758,1.0,999,0.0,15
job_1.76,PROTO,24.93961837160902,24.93961837160902,1.0,5,77.96959667341794,15
job_0.45,SMALL_EXP,1.149113996878139,1.149113996878139,1.0,999,0.0,16
job_0.45,PROTO,6.407120805554145,6.407120805554145,1.0,5,0.0,16
job_1.79,SMALL_EXP,0.48588818843164505,0.48588818843164505,1.0,999,0.0,16
job_1.79,PROTO,6.073147165312856,6.073147165312856,1.0,5,0.0,16
job_5.50,SMALL_EXP,2.682755953100823,2.682755953100823,1.0,999,0.0,16
job_5.50,PROTO,3.1032247661963894,3.1032247661963894,1.0,5,0.0,16
job_5.17,SMALL_EXP,3.186019559138298,3.186019559138298,1.0,999,0.0,16
job_5.17,PROTO,9.599525087319018,9.599525087319018,1.0,5,2.935743331990615,16
job_0.22,SMALL_EXP,0.1531981118574395,0.1531981118574395,1.0,999,0.0,16
job_0.22,PROTO,28.657662448710987,28.657662448710987,1.0,5,0.0,16
job_5.00,SMALL_EXP,9.535029885777924,9.535029885777924,1.0,999,0.0,16
job_5.00,PROTO,0.16909227310277372,0.16909227310277372,1.0,5,21.45733608421564,16
job_7.93,SMALL_EXP,0.971996281789484,0.971996281789484,1.0,999,0.0,16
job_7.93,PROTO,17.034050088347545,17.034050088347545,1.0,5,11.98545908447845,16
job_1.61,SMALL_EXP,13.605021701854822,13.605021701854822,1.0,999,0.0,16
job_1.61,PROTO,2.495903183191838,2.495903183191838,1.0,5,22.70653411839394,16
job_12.79,SMALL_EXP,1.9538732844967583,1.9538732844967583,1.0,999,0.0,16
job_12.79,PROTO,11.973932329550635,11.973932329550635,1.0,5,21.41956930604188,16
job_16.15,SMALL_EXP,0.2532255587256722,0.2532255587256722,1.0,999,0.0,16
job_16.15,PROTO,1.188672046586036,1.188672046586036,1.0,5,31.731201869193086,16
job_14.10,SMALL_EXP,1.8463733655154462,1.8463733655154462,1.0,999,0.0,16
job_14.10,PROTO,18.3381006827667,18.3381006827667,1.0,5,24.476024810026754,16
job_15.59,SMALL_EXP,2.173156023535141,2.173156023535141,1.0,999,0.0,16
job_15.59,PROTO,12.717957682455694,12.717957682455694,1.0,5,31.56493866012824,16
job_7.47,SMALL_EXP,0.8655910308463431,0.8655910308463431,1.0,999,0.0,16
job_7.47,PROTO,54.5738898822971,54.5738898822971,1.0,5,0.007145013786118426,16
job_3.27,SMALL_EXP,10.895373894546818,10.895373894546818,1.0,999,0.0,16
job_3.27,PROTO,50.58344607853472,50.58344607853472,1.0,5,21.543507414993574,16
job_18.59,SMALL_EXP,1.110589643645507,1.110589643645507,1.0,999,0.0,16
job_18.59,PROTO,26.443260700716976,26.443260700716976,1.0,5,43.21436411494926,16
job_7.65,SMALL_EXP,13.973250150092685,13.973250150092685,1.0,999,0.0,16
job_7.65,PROTO,2.2073284769951305,2.2073284769951305,1.0,5,67.73888992282637,16
job_17.10,SMALL_EXP,2.5728851258400978,2.5728851258400978,1.0,999,0.0,16
job_17.10,PROTO,29.537948778773988,29.537948778773988,1.0,5,42.3731998245002,16
job_16.41,SMALL_EXP,3.5712448773955905,3.5712448773955905,1.0,999,0.0,16
job_16.41,PROTO,9.940893067872544,9.940893067872544,1.0,5,66.31715791048099,16
job_10.12,SMALL_EXP,3.857455936847517,3.857455936847517,1.0,999,0.0,16
job_10.12,PROTO,63.70434030595985,63.70434030595985,1.0,5,20.629891616446614,16
job_19.53,SMALL_EXP,2.6927783404504955,2.6927783404504955,1.0,999,0.0,16
job_19.53,PROTO,10.561224971857431,10.561224971857431,1.0,5,69.34370121796195,16
job_12.79,SMALL_EXP,5.120275786104719,5.120275786104719,1.0,999,0.0,16
job_12.79,PROTO,43.527220719453084,43.527220719453084,1.0,5,40.84870226181977,16
job_23.31,SMALL_EXP,1.3839500372728488,1.3839500372728488,1.0,999,0.0,16
job_23.31,PROTO,0.2589478920336494,0.2589478920336494,1.0,5,77.43344066527743,16
job_24.74,SMALL_EXP,0.9616782246692592,0.9616782246692592,1.0,999,0.0,16
job_24.74,PROTO,4.695754012201493,4.695754012201493,1.0,5,76.68850528322179,16
job_15.79,SMALL_EXP,8.259590786858244,8.259590786858244,1.0,999,0.0,16
job_15.79,PROTO,9.788668528585886,9.788668528585886,1.0,5,74.26237363968849,16
job_16.91,SMALL_EXP,6.293310524551586,6.293310524551586,1.0,999,0.0,16
job_16.91,PROTO,12.816957991233396,12.816957991233396,1.0,5,73.02748133516718,16
job_1.28,SMALL_EXP,6.873992214061284,6.873992214061284,1.0,999,0.0,17
job_1.28,PROTO,39.0637909414213,39.0637909414213,1.0,5,3.4395033363042185,17
job_6.81,SMALL_EXP,5.141936634866224,5.141936634866224,1.0,999,0.0,17
job_6.81,PROTO,14.941204596454602,14.941204596454602,1.0,5,38.706617221395554,17
job_4.27,SMALL_EXP,4.555083459279268,4.555083459279268,1.0,999,0.0,17
job_4.27,PROTO,38.4947578675999,38.4947578675999,1.0,5,29.710532812896982,17
job_6.78,SMALL_EXP,3.033856135530947,3.033856135530947,1.0,999,0.0,17
job_6.78,PROTO,39.13377024031852,39.13377024031852,1.0,5,28.938973004756434,17
job_11.94,SMALL_EXP,2.194697647929595,2.194697647929595,1.0,999,0.0,17
job_11.94,PROTO,12.512041767194068,12.512041767194068,1.0,5,63.755422825794206,17
job_6.37,SMALL_EXP,5.300890711712958,5.300890711712958,1.0,999,0.0,17
job_6.37,PROTO,43.13469865395178,43.13469865395178,1.0,5,38.08748454638825,17
job_7.55,SMALL_EXP,7.403599783381385,7.403599783381385,1.0,999,0.0,17
job_7.55,PROTO,1.036973430252794,1.036973430252794,1.0,5,77.93663171980158,17
job_11.00,SMALL_EXP,1.3457107568048763,1.3457107568048763,1.0,999,0.0,17
job_11.00,PROTO,44.321155523289676,44.321155523289676,1.0,5,53.250538560649865,17
job_4.97,SMALL_EXP,7.8935744482906065,7.8935744482906065,1.0,999,0.0,17
job_4.97,PROTO,33.24007506616664,33.24007506616664,1.0,5,64.16055605437985,17
job_6.45,SMALL_EXP,2.5952139450466243,2.5952139450466243,1.0,999,0.0,17
job_6.45,PROTO,74.36828695737806,74.36828695737806,1.0,5,29.608512364296622,17
job_3.70,SMALL_EXP,11.709584249950089,11.709584249950089,1.0,999,0.0,17
job_3.70,PROTO,11.816450022755962,11.816450022755962,1.0,5,94.85626482756305,17
job_13.66,SMALL_EXP,0.5109748893957815,0.5109748893957815,1.0,999,0.0,17
job_13.66,PROTO,34.3654075736891,34.3654075736891,1.0,5,76.23080438804823,17
job_10.16,SMALL_EXP,6.039122002048555,6.039122002048555,1.0,999,0.0,17
job_10.16,PROTO,12.347593453052738,12.347593453052738,1.0,5,96.81846806661878,17
job_16.33,SMALL_EXP,0.47115056281068635,0.47115056281068635,1.0,999,0.0,17
job_16.33,PROTO,4.953117945085982,4.953117945085982,1.0,5,105.27844073911436,17
job_14.33,SMALL_EXP,0.8621400124920787,0.8621400124920787,1.0,999,0.0,17
job_14.33,PROTO,19.84031452678437,19.84031452678437,1.0,5,94.72633802652268,17
job_16.78,SMALL_EXP,0.18711889977940938,0.18711889977940938,1.0,999,0.0,17
job_16.78,PROTO,4.57240351664224,4.57240351664224,1.0,5,108.39740140138383,17
job_6.70,SMALL_EXP,11.094159367901316,11.094159367901316,1.0,999,0.0,17
job_6.70,PROTO,0.19883681300602252,0.19883681300602252,1.0,5,111.96421775562968,17
job_15.03,SMALL_EXP,2.894003085810002,2.894003085810002,1.0,999,0.0,17
job_15.03,PROTO,0.7584267191368943,0.7584267191368943,1.0,5,112.01144254744563,17
job_12.90,SMALL_EXP,4.566605262957009,4.566605262957009,1.0,999,0.0,17
job_12.90,PROTO,4.665364034876973,4.665364034876973,1.0,5,109.57214266389292,17
job_17.08,SMALL_EXP,1.3135282630612573,1.3135282630612573,1.0,999,0.0,17
job_17.08,PROTO,2.0710290403853246,2.0710290403853246,1.0,5,112.29928220567918,17
job_0.41,SMALL_EXP,4.224973285838769,4.224973285838769,1.0,999,0.0,18
job_0.41,PROTO,3.545971489179073,3.545971489179073,1.0,5,0.0,18
job_6.69,SMALL_EXP,1.2212245775680255,1.2212245775680255,1.0,999,0.0,18
job_6.69,PROTO,1.6017375048330496,1.6017375048330496,1.0,5,0.0,18
job_5.40,SMALL_EXP,1.8106031865739016,1.8106031865739016,1.0,999,0.0,18
job_5.40,PROTO,6.488501173963397,6.488501173963397,1.0,5,0.0,18
job_6.59,SMALL_EXP,2.7911437212357395,2.7911437212357395,1.0,999,0.0,18
job_6.59,PROTO,13.794615651866945,13.794615651866945,1.0,5,0.13885328425968346,18
job_6.77,SMALL_EXP,1.796724163527686,1.796724163527686,1.0,999,0.0,18
job_6.77,PROTO,17.91236082217767,17.91236082217767,1.0,5,0.0,18
job_0.40,SMALL_EXP,0.23418503467584662,0.23418503467584662,1.0,999,0.0,18
job_0.40,PROTO,28.392015049364122,28.392015049364122,1.0,5,0.0,18
job_6.74,SMALL_EXP,2.2634726112462173,2.2634726112462173,1.0,999,0.0,18
job_6.74,PROTO,20.823616742845726,20.823616742845726,1.0,5,0.0,18
job_6.98,SMALL_EXP,4.052265966876946,4.052265966876946,1.0,999,0.0,18
job_6.98,PROTO,6.544042291523637,6.544042291523637,1.0,5,12.281084274677173,18
job_11.31,SMALL_EXP,0.39638256975341596,0.39638256975341596,1.0,999,0.0,18
job_11.31,PROTO,4.876220900498601,4.876220900498601,1.0,5,18.152294207808808,18
job_5.52,SMALL_EXP,5.515427616963546,5.515427616963546,1.0,999,0.0,18
job_5.52,PROTO,9.41322757304465,9.41322757304465,1.0,5,15.44038091983597,18
job_3.97,SMALL_EXP,8.005254118098692,8.005254118098692,1.0,999,0.0,18
job_3.97,PROTO,8.781495963557079,8.781495963557079,1.0,5,22.75868128648897,18
job_9.08,SMALL_EXP,3.978971085400705,3.978971085400705,1.0,999,0.0,18
job_9.08,PROTO,8.899364586952906,8.899364586952906,1.0,5,30.45209356018774,18
job_5.89,SMALL_EXP,4.141359048803366,4.141359048803366,1.0,999,0.0,18
job_5.89,PROTO,47.8992469404962,47.8992469404962,1.0,5,3.670239752704285,18
job_6.40,SMALL_EXP,5.104272050404354,5.104272050404354,1.0,999,0.0,18
job_6.40,PROTO,34.011153345445315,34.011153345445315,1.0,5,17.5224830298975,18
job_14.09,SMALL_EXP,1.162394945844958,1.162394945844958,1.0,999,0.0,18
job_14.09,PROTO,4.796019641573338,4.796019641573338,1.0,5,47.785283645062385,18
job_7.14,SMALL_EXP,0.13070457049648826,0.13070457049648826,1.0,999,0.0,19
job_7.14,PROTO,6.591010996285064,6.591010996285064,1.0,5,0.0,19
job_0.49,SMALL_EXP,5.559743329208256,5.559743329208256,1.0,999,0.0,19
job_0.49,PROTO,26.428219818969655,26.428219818969655,1.0,5,0.0,19
job_0.96,SMALL_EXP,7.881579266837058,7.881579266837058,1.0,999,0.0,19
job_0.96,PROTO,0.3486376608194991,0.3486376608194991,1.0,5,23.640262178463566,19
job_2.12,SMALL_EXP,4.893562246570041,4.893562246570041,1.0,999,0.0,19
job_2.12,PROTO,26.1345553795155,26.1345553795155,1.0,5,0.0,19
job_6.63,SMALL_EXP,0.3696913296746345,0.3696913296746345,1.0,999,0.0,19
job_6.63,PROTO,27.58854364531466,27.58854364531466,1.0,5,0.0,19
job_4.17,SMALL_EXP,4.7917467743451745,4.7917467743451745,1.0,999,0.0,19
job_4.17,PROTO,2.3878507985186115,2.3878507985186115,1.0,5,23.862668555727254,19
job_1.73,SMALL_EXP,5.454722691252714,5.454722691252714,1.0,999,0.0,19
job_1.73,PROTO,30.963828259842085,30.963828259842085,1.0,5,0.0,19
job_2.65,SMALL_EXP,7.638246459631164,7.638246459631164,1.0,999,0.0,19
job_2.65,PROTO,3.2048187144130478,3.2048187144130478,1.0,5,24.927258777202912,19
job_6.22,SMALL_EXP,1.945234522089417,1.945234522089417,1.0,999,0.0,19
job_6.22,PROTO,30.377259515543585,30.377259515543585,1.0,5,5.700369211144926,19
job_1.45,SMALL_EXP,8.512959353602648,8.512959353602648,1.0,999,0.0,19
job_1.45,PROTO,17.433893677301697,17.433893677301697,1.0,5,24.617619697119903,19
job_11.35,SMALL_EXP,3.16521076009454,3.16521076009454,1.0,999,0.0,19
job_11.35,PROTO,48.20892025517225,48.20892025517225,1.0,5,45.652406826962476,19
job_6.71,SMALL_EXP,11.940470318676514,11.940470318676514,1.0,999,0.0,19
job_6.71,PROTO,16.685138886529042,16.685138886529042,1.0,5,86.01554471619858,19
job_6.00,SMALL_EXP,12.657350031838243,12.657350031838243,1.0,999,0.0,19
job_6.00,PROTO,16.066512297439004,16.066512297439004,1.0,5,88.82275791605304,19
job_15.32,SMALL_EXP,1.263210470209523,1.263210470209523,1.0,999,0.0,19
job_15.32,PROTO,46.0227010684974,46.0227010684974,1.0,5,63.52530352895954,19
job_14.13,SMALL_EXP,4.955210443155451,4.955210443155451,1.0,999,0.0,19
job_14.13,PROTO,18.383433232680282,18.383433232680282,1.0,5,89.29107338725416,19
